<?xml version="1.0" encoding="UTF-8"?>
<!DOCTYPE hibernate-configuration PUBLIC "-//Hibernate/Hibernate Configuration DTD 3.0//EN" "http://hibernate.sourceforge.net/hibernate-configuration-3.0.dtd">
<hibernate-configuration>
  <session-factory> 
    <!--<property name="hibernate.connection.url">jdbc:postgresql://localhost:5432/rezervace</property>-->
    <property name="hibernate.connection.url">jdbc:postgresql://slon.felk.cvut.cz:5432/student_db16_15</property>
    <property name="hibernate.connection.username">student_db16_15</property>
    <property name="hibernate.connection.password">heslo</property>
    
    <property name="hibernate.connection.driver_class">org.postgresql.Driver</property>
    <property name="hibernate.dialect">org.hibernate.dialect.MySQLDialect</property>
    
    <property name="hibernate.connection.CharSet">utf8</property>
    <property name="hibernate.connection.characterEncoding">utf8</property>
    <property name="hibernate.connection.useUnicode">true</property>
    <property name="hibernate.hbm2ddl.auto">create-drop</property>
    
    <!--<property name="show_sql">true</property>-->
    <!--        <property name="hibernate.format_sql">true</property>-->
    
    <mapping class="model.User"/>
    <mapping class="model.Room"/>
    <mapping class="model.Reservation"/>
    <mapping class="model.Tag"/>
    <mapping class="model.Equipment"/>
    <mapping class="model.Building"/>
    <mapping class="model.Image"/>
  </session-factory>
</hibernate-configuration>
